<?xml version="1.0"?>
<data grt_format="2.0">
  <value _ptr_="000001D976149820" type="list" content-type="object" content-struct-name="db.mgmt.ServerInstance">
    <value type="object" struct-name="db.mgmt.ServerInstance" id="{E293B9C8-DB1F-450C-A137-D37D39F5B88B}" struct-checksum="0x367436e2">
      <link type="object" struct-name="db.mgmt.Connection" key="connection">{AE390142-FF64-4C03-8602-0B3BC619FD50}</link>
      <value _ptr_="000001D976619DD0" type="dict" key="loginInfo">
        <value type="string" key="ssh.hostName"></value>
        <value type="string" key="ssh.key">C:\Users\Aula\AppData\Roaming/.ssh/ssh_private_key</value>
        <value type="string" key="ssh.localPort">3306</value>
        <value type="int" key="ssh.useKey">0</value>
        <value type="string" key="ssh.userName">mysql</value>
      </value>
      <value _ptr_="000001D97661A3D0" type="dict" key="serverInfo">
        <value type="int" key="setupPending">1</value>
        <value type="int" key="windowsAdmin">1</value>
      </value>
      <value type="string" key="name">Teste</value>
    </value>
    <value type="object" struct-name="db.mgmt.ServerInstance" id="{467D46D7-634A-454B-BBFE-9AA7333CA922}" struct-checksum="0x367436e2">
      <value _ptr_="000001D97661AF70" type="dict" key="loginInfo">
        <value type="string" key="ssh.hostName"></value>
        <value type="string" key="ssh.key">C:\Users\Aula\AppData\Roaming/.ssh/ssh_private_key</value>
        <value type="string" key="ssh.localPort">3306</value>
        <value type="int" key="ssh.useKey">0</value>
        <value type="string" key="ssh.userName">mysql</value>
      </value>
      <value _ptr_="000001D97661B270" type="dict" key="serverInfo">
        <value type="string" key="detected_os_name">Windows 10 Pro</value>
        <value type="string" key="detected_os_type">windows</value>
        <value type="string" key="detected_os_variant">Windows</value>
        <value type="string" key="detected_os_version">Microsoft Windows [vers&#xE3;o 10.0.19045.6216]</value>
        <value type="int" key="setupPending">1</value>
        <value type="string" key="sys.mysqld.service_name">MySQL</value>
        <value type="int" key="sys.usesudo">1</value>
        <value type="int" key="sys.usesudostatus">0</value>
        <value type="int" key="windowsAdmin">1</value>
      </value>
      <value type="string" key="name"></value>
    </value>
    <value type="object" struct-name="db.mgmt.ServerInstance" id="{F8B86E76-2701-41F3-BE4E-7745BFA7A682}" struct-checksum="0x367436e2">
      <link type="object" struct-name="db.mgmt.Connection" key="connection">{ACE5EB28-FBCB-4FD2-B3FF-17352F94BE19}</link>
      <value _ptr_="000001D97661C350" type="dict" key="loginInfo">
        <value type="string" key="ssh.hostName"></value>
        <value type="string" key="ssh.key">C:\Users\Aula\AppData\Roaming/.ssh/ssh_private_key</value>
        <value type="string" key="ssh.localPort">3306</value>
        <value type="int" key="ssh.useKey">0</value>
        <value type="string" key="ssh.userName">mysql</value>
      </value>
      <value _ptr_="000001D97661B210" type="dict" key="serverInfo">
        <value type="string" key="basedir">C:\Program Files\MySQL\MySQL Server 9.6\</value>
        <value type="string" key="datadir">C:\ProgramData\MySQL\MySQL Server 9.6\Data\</value>
        <value type="string" key="errorLogFilePath">LAB102GLO-20584.err</value>
        <value type="string" key="generalLogFilePath">LAB102GLO-20584.log</value>
        <value type="string" key="serverVersion">9.6.0</value>
        <value type="int" key="setupPending">1</value>
        <value type="int" key="slowLogEnabled">1</value>
        <value type="string" key="slowLogFilePath">LAB102GLO-20584-slow.log</value>
        <value type="int" key="sys.usesudo">0</value>
        <value type="int" key="sys.usesudostatus">0</value>
        <value type="int" key="windowsAdmin">1</value>
      </value>
      <value type="string" key="name">Reserva</value>
    </value>
  </value>
</data>
